{
	"IcoMoonType": "selection",
	"icons": [
		{
			"icon": {
				"paths": [
					"M921.6 204.8l-406.187 413.013-419.84-392.533-95.573 95.573 416.427 392.533v3.413l102.4 102.4 505.173-512z"
				],
				"attrs": [
					{
						"opacity": 1,
						"visibility": false
					}
				],
				"grid": 0,
				"tags": [
					"ico_1"
				]
			},
			"attrs": [
				{
					"opacity": 1,
					"visibility": false
				}
			],
			"properties": {
				"order": 6,
				"id": 5,
				"prevSize": 32,
				"code": 33,
				"name": "ico_1",
				"ligatures": ""
			},
			"setIdx": 0,
			"iconIdx": 0
		},
		{
			"icon": {
				"paths": [
					"M204.8 102.4l413.013 406.187-392.533 419.84 95.573 95.573 392.533-416.427h3.413l102.4-102.4-512-505.173z"
				],
				"attrs": [
					{
						"opacity": 1,
						"visibility": false
					}
				],
				"grid": 0,
				"tags": [
					"ico_2"
				]
			},
			"attrs": [
				{
					"opacity": 1,
					"visibility": false
				}
			],
			"properties": {
				"order": 7,
				"id": 4,
				"prevSize": 32,
				"code": 34,
				"name": "ico_2",
				"ligatures": ""
			},
			"setIdx": 0,
			"iconIdx": 1
		},
		{
			"icon": {
				"paths": [
					"M102.4 819.2l406.187-413.013 419.84 392.533 95.573-95.573-416.427-392.533v-3.413l-102.4-102.4-505.173 512z"
				],
				"attrs": [
					{
						"opacity": 1,
						"visibility": false
					}
				],
				"grid": 0,
				"tags": [
					"ico_3"
				]
			},
			"attrs": [
				{
					"opacity": 1,
					"visibility": false
				}
			],
			"properties": {
				"order": 8,
				"id": 3,
				"prevSize": 32,
				"code": 35,
				"name": "ico_3",
				"ligatures": ""
			},
			"setIdx": 0,
			"iconIdx": 2
		},
		{
			"icon": {
				"paths": [
					"M819.2 921.6l-413.013-406.187 392.533-419.84-95.573-95.573-392.533 416.427h-3.413l-102.4 102.4 512 505.173z"
				],
				"attrs": [
					{
						"opacity": 1,
						"visibility": false
					}
				],
				"grid": 0,
				"tags": [
					"ico_4"
				]
			},
			"attrs": [
				{
					"opacity": 1,
					"visibility": false
				}
			],
			"properties": {
				"order": 9,
				"id": 2,
				"prevSize": 32,
				"code": 36,
				"name": "ico_4",
				"ligatures": ""
			},
			"setIdx": 0,
			"iconIdx": 3
		},
		{
			"icon": {
				"paths": [
					"M822.613 788.48l-146.773-153.6c30.72-47.787 51.2-102.4 51.2-163.84 0-153.6-119.467-279.893-266.24-279.893s-266.24 126.293-266.24 279.893c0 153.6 119.467 279.893 266.24 279.893 71.68 0 136.533-30.72 184.32-78.507l143.36 150.187c10.24 10.24 23.893 10.24 34.133 0 10.24-6.827 10.24-23.893 0-34.133zM460.8 699.733c-119.467 0-215.040-102.4-215.040-225.28 0-126.293 95.573-225.28 215.040-225.28s215.040 102.4 215.040 225.28c0 122.88-95.573 225.28-215.040 225.28z"
				],
				"attrs": [
					{
						"opacity": 1,
						"visibility": false
					}
				],
				"grid": 0,
				"tags": [
					"ico_5"
				]
			},
			"attrs": [
				{
					"opacity": 1,
					"visibility": false
				}
			],
			"properties": {
				"order": 10,
				"id": 1,
				"prevSize": 32,
				"code": 37,
				"name": "ico_5",
				"ligatures": ""
			},
			"setIdx": 0,
			"iconIdx": 4
		},
		{
			"icon": {
				"paths": [
					"M253.952 1020.928l516.096-508.928-516.096-508.928z"
				],
				"attrs": [
					{
						"opacity": 1,
						"visibility": false
					}
				],
				"grid": 0,
				"tags": [
					"ico_6"
				]
			},
			"attrs": [
				{
					"opacity": 1,
					"visibility": false
				}
			],
			"properties": {
				"order": 11,
				"id": 0,
				"prevSize": 32,
				"code": 38,
				"name": "ico_6",
				"ligatures": ""
			},
			"setIdx": 0,
			"iconIdx": 5
		}
	],
	"height": 1024,
	"metadata": {
		"name": "icomoon_bitrix24"
	},
	"preferences": {
		"showGlyphs": true,
		"showQuickUse": true,
		"fontPref": {
			"prefix": "icon-",
			"metadata": {
				"fontFamily": "icomoon_bitrix24",
				"majorVersion": 1,
				"minorVersion": 0
			},
			"metrics": {
				"emSize": 512,
				"baseline": 6.25,
				"whitespace": 50
			},
			"resetPoint": 33
		},
		"imagePref": {},
		"historySize": 100,
		"showCodes": true,
		"search": ""
	}
}